user_id,betweenness_centrality
user-579f79,0.25000000
user-611fe8,0.00000000
user-312474,0.00000000
agentverse_news,0.00000000
